name,domain,what,region,website,github,linkedin_org,community_url,events_url,linkedin_people,tags,related_to,source,founding_year,takes_contributors,careers_url,last_verified
360Giving,open-data,"360Giving is a charity that helps grantmakers publish and use open data about their funding, so people can see who is funding what and where.",national,https://www.threesixtygiving.org,,,,,,grants; open data; philanthropy; transparency,,threesixtygiving.org homepage (verified 2026-09-23),,,,2026-09-23
Apps for Good,education equity tech,"Apps for Good provides free creative technology courses that teachers can run in the classroom, aimed at preparing students for a changing world of work.",national,https://www.appsforgood.org,,,,,,education; courses; young people; digital skills,,appsforgood.org homepage (verified 2026-09-23),,,,2026-09-23
Big Brother Watch,human-rights tech,"Big Brother Watch campaigns against threats to privacy and civil liberties in the UK, including state surveillance and the collection of personal data.",national,https://bigbrotherwatch.org.uk,,,,,,privacy; civil liberties; surveillance; campaigning,,bigbrotherwatch.org.uk homepage (verified 2026-09-23),,,,2026-09-23
Centre for Public Data,open-data,The Centre for Public Data works to improve the UK's public data. It campaigns to fill gaps in data collection and to strengthen data provisions in new legislation.,national,https://www.centreforpublicdata.org,,,,,,public data; policy; campaigning; legislation,,centreforpublicdata.org homepage (verified 2026-09-23),,,,2026-09-23
Citizens Advice,legal-aid / justice tech,"Citizens Advice gives free, independent advice on benefits, debt, housing, employment, and consumer problems. The advice is published on its website and delivered by advisers in local offices across the UK.",national,https://www.citizensadvice.org.uk,,,,,,advice; benefits; debt; legal,,citizensadvice.org.uk homepage (verified 2026-09-23),,,,2026-09-23
Code Club,education equity tech,Code Club is a global community of free clubs where young people learn programming and digital making. It is part of the Raspberry Pi Foundation and provides projects and training for the volunteers who run clubs.,national,https://codeclub.org,,,,,,coding; clubs; young people; volunteers,Raspberry Pi Foundation,codeclub.org/about (verified 2026-09-23); raspberrypi.org (verified 2026-09-23),,,,2026-09-23
CoTech,worker-coop / platform-coop tech,"CoTech is a network of worker-owned technology co-operatives in the UK. Its members build software and digital services, and cooperate on client work and shared infrastructure.",national,https://www.coops.tech,,,,,,co-operatives; worker ownership; software; network,,coops.tech homepage (verified 2026-09-23),,,,2026-09-23
Crisis,housing / homelessness tech,Crisis is a national charity for people experiencing homelessness. It runs services for people who are homeless and campaigns for the policy changes needed to end homelessness.,national,https://www.crisis.org.uk,,,,,,homelessness; housing; charity; campaigning,,crisis.org.uk homepage (verified 2026-09-23),,,,2026-09-23
data.gov.uk,open-data,data.gov.uk is the UK government's home for public data. It brings datasets published by departments and public bodies together in one catalogue that anyone can search and download from.,national,https://www.data.gov.uk,,,,,,open data; government; catalogue; datasets,,data.gov.uk homepage (verified 2026-09-23),,,,2026-09-23
Democracy Club,civic-tech,"Democracy Club produces election data for the UK. It runs a national polling station finder and a candidate database, and publishes the underlying data for others to reuse.",national,https://democracyclub.org.uk,,,,,,elections; open data; civic tech; voting,,democracyclub.org.uk/about (verified 2026-09-23),2010,,,2026-09-23
Full Fact,journalism / media-tech,"Full Fact checks claims made online and in the news, and works with platforms, regulators, and researchers to reduce the harm caused by bad information.",national,https://fullfact.org,,,,,,fact checking; misinformation; journalism; research,,fullfact.org homepage (verified 2026-09-23),,,,2026-09-23
Good Things Foundation,digital-inclusion,"Good Things Foundation is a UK digital inclusion charity. It works with a network of local partners to help people get online, get hold of devices, and build the skills and confidence to use them.",national,https://www.goodthingsfoundation.org,,,,,,digital inclusion; digital skills; devices; charity,,goodthingsfoundation.org homepage (verified 2026-09-23),,,,2026-09-23
Government Digital Service,govtech,"The Government Digital Service is the digital centre of government. It builds and sets standards for UK public services online, including GOV.UK itself.",national,https://www.gov.uk/government/organisations/government-digital-service,,,,,,govtech; public services; standards; digital government,,gov.uk Government Digital Service page (verified 2026-09-23),,,,2026-09-23
Green Web Foundation,green / climate-tech,"The Green Web Foundation works towards a fossil-free internet. It runs a check and a hosting directory that show whether a website is served using green energy, and publishes the dataset behind them.",national,https://www.thegreenwebfoundation.org,,,,,,climate; green hosting; dataset; internet,,thegreenwebfoundation.org homepage and navigation (verified 2026-09-23),,,,2026-09-23
Homeless Link,housing / homelessness tech,Homeless Link is the national membership charity for organisations working directly with people who become homeless in England. It works to improve those services and campaigns for policy change.,national,https://homelesslink.org.uk,,,,,,homelessness; housing; membership; policy,,homelesslink.org.uk homepage (verified 2026-09-23),,,,2026-09-23
Liberty,human-rights tech,"Liberty is a UK civil liberties organisation. It campaigns and takes legal cases on rights issues, including those raised by surveillance and the use of personal data.",national,https://www.libertyhumanrights.org.uk,,,,,,civil liberties; human rights; litigation; campaigning,,libertyhumanrights.org.uk homepage (verified 2026-09-23),,,,2026-09-23
LocalGov Digital,govtech,"LocalGov Digital is a network for digital practitioners working in and around local government, providing a place for councils to share work on common problems.",national,https://localgov.digital,,,,,,local government; govtech; network; councils,,localgov.digital homepage (verified 2026-09-23),,,,2026-09-23
mySociety,civic-tech,"mySociety provides technology, research, and data that help people take part in civic life. Its tools, among them FixMyStreet and TheyWorkForYou, are used in more than 40 countries.",national,https://www.mysociety.org,,,,,,civic tech; democracy; research; open source,,mysociety.org homepage (verified 2026-09-23),,,,2026-09-23
Office for National Statistics,open-data,"The Office for National Statistics is the UK's national statistical institute and its largest independent producer of official statistics. It publishes data on the population, the economy, and society.",national,https://www.ons.gov.uk,,,,,,official statistics; open data; government; population,,ons.gov.uk homepage (verified 2026-09-23),,,,2026-09-23
Open Climate Fix,green / climate-tech,"Open Climate Fix builds open forecasting tools, mostly using machine learning, to help electricity grids plan around renewable generation and cut carbon emissions.",national,https://openclimatefix.org,,,,,,climate; machine learning; forecasting; energy,,openclimatefix.org homepage (verified 2026-09-23),,,,2026-09-23
Open Data Institute,open-data,"The Open Data Institute is a London-based non-profit founded in 2012 by Tim Berners-Lee and Nigel Shadbolt. It researches how data is collected and used, and advises organisations on doing that openly and accountably.",london,https://theodi.org,,,,,,open data; research; policy; data ethics,,theodi.org homepage (verified 2026-09-23),2012,,,2026-09-23
Open Data Manchester,open-data,"Open Data Manchester helps people, organisations, and communities use data better, through advice, advocacy, events, research, and training.",north-west,https://www.opendatamanchester.org.uk,,,,,,open data; training; community; greater manchester,,opendatamanchester.org.uk homepage (verified 2026-09-23),,,,2026-09-23
Open Innovations,open-data,Open Innovations is a not-for-profit in Leeds that works in the open with sponsors and partners to turn open data into tools and evidence for better decisions.,yorkshire-and-the-humber,https://open-innovations.org,,,,,,open data; leeds; visualisation; innovation,,"open-innovations.org homepage, reached from odileeds.org (verified 2026-09-23)",,,,2026-09-23
Open Rights Group,human-rights tech,"Open Rights Group is a UK campaigning organisation working on digital rights. It focuses on privacy and free speech online, and on how data and technology affect people's rights.",national,https://www.openrightsgroup.org,,,,,,digital rights; privacy; free speech; campaigning,,openrightsgroup.org homepage (verified 2026-09-23),,,,2026-09-23
OpenSAFELY,research / education tech,"OpenSAFELY is a platform for analysing large, sensitive datasets safely and securely. It is built by a team at the Bennett Institute so that approved researchers can work with NHS data under tight controls.",national,https://www.opensafely.org,,,,,,health data; research; privacy; open source,,opensafely.org homepage (verified 2026-09-23),,,,2026-09-23
OpenUK,open-data,"OpenUK is a not-for-profit and the UK body for the business of open technology, covering open source software, open hardware, open data, and open standards.",national,https://openuk.uk,,,,,,open source; open standards; open data; advocacy,,openuk.uk homepage (verified 2026-09-23),,,,2026-09-23
Privacy International,human-rights tech,"Privacy International is a charity based in London that works on the intersection of modern technology and human rights, with a focus on surveillance and the exploitation of personal data.",london,https://privacyinternational.org,,,,,,privacy; surveillance; human rights; research,,privacyinternational.org homepage (verified 2026-09-23),,,,2026-09-23
Raspberry Pi Foundation,education equity tech,The Raspberry Pi Foundation is a charity with a mission to help young people realise their potential through computing and digital technologies. It publishes free learning resources and supports clubs and teachers.,national,https://www.raspberrypi.org,,,,,,computing; education; young people; charity,,raspberrypi.org homepage (verified 2026-09-23),,,,2026-09-23
RNIB,disability & accessibility tech,"The Royal National Institute of Blind People supports blind and partially sighted people across the UK. It advises on assistive and accessible technology, and campaigns for accessible products and services.",national,https://www.rnib.org.uk,,,,,,accessibility; blindness; assistive technology; charity,,rnib.org.uk homepage (verified 2026-09-23),,,,2026-09-23
Scope,disability & accessibility tech,"Scope is a disability equality charity in England and Wales. It provides practical information and campaigns on the barriers disabled people face, including in digital services.",national,https://www.scope.org.uk,,,,,,disability; equality; accessibility; charity,,scope.org.uk homepage (verified 2026-09-23),,,,2026-09-23
Shelter England,housing / homelessness tech,"Shelter is a housing and homelessness charity in England. It advises people and families on their housing rights, challenges unfair housing practice, and campaigns for better housing policy.",national,https://england.shelter.org.uk,,,,,,housing; homelessness; advice; campaigning,,england.shelter.org.uk homepage (verified 2026-09-23),,,,2026-09-23
The Restart Project,green / climate-tech,"The Restart Project helps people use their electronics for longer, which keeps working devices out of waste. It supports community repair events and campaigns for the right to repair.",national,https://therestartproject.org,,,,,,right to repair; electronics; waste; community,,therestartproject.org homepage (verified 2026-09-23),,,,2026-09-23
TheyWorkForYou,civic-tech,"TheyWorkForYou, run by mySociety, makes the UK's parliaments easier to follow. You can look up who represents you and see how they have voted and what they have said in debates.",national,https://www.theyworkforyou.com,,,,,,parliament; transparency; civic tech; hansard,mySociety,theyworkforyou.com homepage (verified 2026-09-23),,,,2026-09-23
Turn2us,financial-inclusion / fintech-for-good,Turn2us is a charity that helps people facing financial insecurity. It runs online tools to check benefit entitlement and to search for charitable grants.,national,https://www.turn2us.org.uk,,,,,,financial insecurity; benefits; grants; charity,,turn2us.org.uk homepage (verified 2026-09-23),,,,2026-09-23
